"","trial","ppt","A","B","y"
"1",1,1,"A1","B1",1
"2",2,1,"A1","B1",1
"3",3,1,"A1","B1",1
"4",4,1,"A1","B1",1
"5",5,1,"A1","B1",1
"6",6,1,"A1","B1",1
"7",7,1,"A1","B1",1
"8",8,1,"A1","B1",1
"9",9,1,"A1","B1",1
"10",10,1,"A1","B1",1
"11",11,1,"A1","B1",1
"12",12,1,"A1","B1",1
"13",1,2,"A1","B1",1
"14",2,2,"A1","B1",1
"15",3,2,"A1","B1",1
"16",4,2,"A1","B1",1
"17",5,2,"A1","B1",0
"18",6,2,"A1","B1",1
"19",7,2,"A1","B1",1
"20",8,2,"A1","B1",1
"21",9,2,"A1","B1",1
"22",10,2,"A1","B1",1
"23",11,2,"A1","B1",1
"24",12,2,"A1","B1",1
"25",1,3,"A1","B1",1
"26",2,3,"A1","B1",0
"27",3,3,"A1","B1",1
"28",4,3,"A1","B1",0
"29",5,3,"A1","B1",1
"30",6,3,"A1","B1",1
"31",7,3,"A1","B1",1
"32",8,3,"A1","B1",1
"33",9,3,"A1","B1",1
"34",10,3,"A1","B1",1
"35",11,3,"A1","B1",1
"36",12,3,"A1","B1",1
"37",1,4,"A1","B1",1
"38",2,4,"A1","B1",0
"39",3,4,"A1","B1",0
"40",4,4,"A1","B1",1
"41",5,4,"A1","B1",0
"42",6,4,"A1","B1",1
"43",7,4,"A1","B1",1
"44",8,4,"A1","B1",1
"45",9,4,"A1","B1",0
"46",10,4,"A1","B1",1
"47",11,4,"A1","B1",0
"48",12,4,"A1","B1",1
"49",1,5,"A1","B1",1
"50",2,5,"A1","B1",1
"51",3,5,"A1","B1",0
"52",4,5,"A1","B1",1
"53",5,5,"A1","B1",1
"54",6,5,"A1","B1",1
"55",7,5,"A1","B1",1
"56",8,5,"A1","B1",0
"57",9,5,"A1","B1",1
"58",10,5,"A1","B1",1
"59",11,5,"A1","B1",1
"60",12,5,"A1","B1",1
"61",1,6,"A1","B1",0
"62",2,6,"A1","B1",1
"63",3,6,"A1","B1",1
"64",4,6,"A1","B1",1
"65",5,6,"A1","B1",1
"66",6,6,"A1","B1",1
"67",7,6,"A1","B1",1
"68",8,6,"A1","B1",1
"69",9,6,"A1","B1",0
"70",10,6,"A1","B1",1
"71",11,6,"A1","B1",1
"72",12,6,"A1","B1",1
"73",1,7,"A1","B1",1
"74",2,7,"A1","B1",1
"75",3,7,"A1","B1",1
"76",4,7,"A1","B1",0
"77",5,7,"A1","B1",0
"78",6,7,"A1","B1",1
"79",7,7,"A1","B1",0
"80",8,7,"A1","B1",1
"81",9,7,"A1","B1",1
"82",10,7,"A1","B1",1
"83",11,7,"A1","B1",0
"84",12,7,"A1","B1",0
"85",1,8,"A1","B1",1
"86",2,8,"A1","B1",1
"87",3,8,"A1","B1",0
"88",4,8,"A1","B1",1
"89",5,8,"A1","B1",1
"90",6,8,"A1","B1",1
"91",7,8,"A1","B1",1
"92",8,8,"A1","B1",1
"93",9,8,"A1","B1",0
"94",10,8,"A1","B1",1
"95",11,8,"A1","B1",1
"96",12,8,"A1","B1",1
"97",1,9,"A1","B1",1
"98",2,9,"A1","B1",1
"99",3,9,"A1","B1",0
"100",4,9,"A1","B1",1
"101",5,9,"A1","B1",0
"102",6,9,"A1","B1",1
"103",7,9,"A1","B1",1
"104",8,9,"A1","B1",1
"105",9,9,"A1","B1",1
"106",10,9,"A1","B1",0
"107",11,9,"A1","B1",1
"108",12,9,"A1","B1",0
"109",1,10,"A1","B1",1
"110",2,10,"A1","B1",0
"111",3,10,"A1","B1",0
"112",4,10,"A1","B1",1
"113",5,10,"A1","B1",1
"114",6,10,"A1","B1",1
"115",7,10,"A1","B1",1
"116",8,10,"A1","B1",1
"117",9,10,"A1","B1",1
"118",10,10,"A1","B1",1
"119",11,10,"A1","B1",1
"120",12,10,"A1","B1",1
"121",1,11,"A1","B1",1
"122",2,11,"A1","B1",0
"123",3,11,"A1","B1",0
"124",4,11,"A1","B1",1
"125",5,11,"A1","B1",1
"126",6,11,"A1","B1",0
"127",7,11,"A1","B1",1
"128",8,11,"A1","B1",1
"129",9,11,"A1","B1",1
"130",10,11,"A1","B1",0
"131",11,11,"A1","B1",0
"132",12,11,"A1","B1",0
"133",1,12,"A1","B1",1
"134",2,12,"A1","B1",1
"135",3,12,"A1","B1",1
"136",4,12,"A1","B1",1
"137",5,12,"A1","B1",1
"138",6,12,"A1","B1",1
"139",7,12,"A1","B1",1
"140",8,12,"A1","B1",1
"141",9,12,"A1","B1",1
"142",10,12,"A1","B1",1
"143",11,12,"A1","B1",1
"144",12,12,"A1","B1",1
"145",1,13,"A1","B1",1
"146",2,13,"A1","B1",1
"147",3,13,"A1","B1",1
"148",4,13,"A1","B1",1
"149",5,13,"A1","B1",1
"150",6,13,"A1","B1",1
"151",7,13,"A1","B1",1
"152",8,13,"A1","B1",0
"153",9,13,"A1","B1",1
"154",10,13,"A1","B1",1
"155",11,13,"A1","B1",1
"156",12,13,"A1","B1",0
"157",1,14,"A1","B1",1
"158",2,14,"A1","B1",1
"159",3,14,"A1","B1",1
"160",4,14,"A1","B1",1
"161",5,14,"A1","B1",1
"162",6,14,"A1","B1",1
"163",7,14,"A1","B1",1
"164",8,14,"A1","B1",1
"165",9,14,"A1","B1",1
"166",10,14,"A1","B1",1
"167",11,14,"A1","B1",1
"168",12,14,"A1","B1",1
"169",1,15,"A1","B1",1
"170",2,15,"A1","B1",1
"171",3,15,"A1","B1",1
"172",4,15,"A1","B1",0
"173",5,15,"A1","B1",1
"174",6,15,"A1","B1",1
"175",7,15,"A1","B1",1
"176",8,15,"A1","B1",1
"177",9,15,"A1","B1",0
"178",10,15,"A1","B1",1
"179",11,15,"A1","B1",1
"180",12,15,"A1","B1",1
"181",1,16,"A1","B1",0
"182",2,16,"A1","B1",1
"183",3,16,"A1","B1",1
"184",4,16,"A1","B1",1
"185",5,16,"A1","B1",1
"186",6,16,"A1","B1",0
"187",7,16,"A1","B1",1
"188",8,16,"A1","B1",1
"189",9,16,"A1","B1",1
"190",10,16,"A1","B1",0
"191",11,16,"A1","B1",1
"192",12,16,"A1","B1",1
"193",1,17,"A1","B1",0
"194",2,17,"A1","B1",0
"195",3,17,"A1","B1",0
"196",4,17,"A1","B1",0
"197",5,17,"A1","B1",0
"198",6,17,"A1","B1",0
"199",7,17,"A1","B1",0
"200",8,17,"A1","B1",0
"201",9,17,"A1","B1",1
"202",10,17,"A1","B1",0
"203",11,17,"A1","B1",0
"204",12,17,"A1","B1",1
"205",1,18,"A1","B1",1
"206",2,18,"A1","B1",1
"207",3,18,"A1","B1",0
"208",4,18,"A1","B1",0
"209",5,18,"A1","B1",0
"210",6,18,"A1","B1",1
"211",7,18,"A1","B1",0
"212",8,18,"A1","B1",0
"213",9,18,"A1","B1",0
"214",10,18,"A1","B1",0
"215",11,18,"A1","B1",0
"216",12,18,"A1","B1",1
"217",1,19,"A1","B1",1
"218",2,19,"A1","B1",1
"219",3,19,"A1","B1",1
"220",4,19,"A1","B1",1
"221",5,19,"A1","B1",1
"222",6,19,"A1","B1",1
"223",7,19,"A1","B1",1
"224",8,19,"A1","B1",1
"225",9,19,"A1","B1",1
"226",10,19,"A1","B1",1
"227",11,19,"A1","B1",1
"228",12,19,"A1","B1",0
"229",1,20,"A1","B1",1
"230",2,20,"A1","B1",1
"231",3,20,"A1","B1",1
"232",4,20,"A1","B1",1
"233",5,20,"A1","B1",1
"234",6,20,"A1","B1",1
"235",7,20,"A1","B1",1
"236",8,20,"A1","B1",1
"237",9,20,"A1","B1",1
"238",10,20,"A1","B1",1
"239",11,20,"A1","B1",1
"240",12,20,"A1","B1",1
"241",1,21,"A1","B1",1
"242",2,21,"A1","B1",1
"243",3,21,"A1","B1",1
"244",4,21,"A1","B1",1
"245",5,21,"A1","B1",1
"246",6,21,"A1","B1",1
"247",7,21,"A1","B1",1
"248",8,21,"A1","B1",1
"249",9,21,"A1","B1",1
"250",10,21,"A1","B1",1
"251",11,21,"A1","B1",1
"252",12,21,"A1","B1",1
"253",1,22,"A1","B1",1
"254",2,22,"A1","B1",0
"255",3,22,"A1","B1",1
"256",4,22,"A1","B1",1
"257",5,22,"A1","B1",1
"258",6,22,"A1","B1",1
"259",7,22,"A1","B1",1
"260",8,22,"A1","B1",1
"261",9,22,"A1","B1",1
"262",10,22,"A1","B1",1
"263",11,22,"A1","B1",1
"264",12,22,"A1","B1",1
"265",1,23,"A1","B1",1
"266",2,23,"A1","B1",1
"267",3,23,"A1","B1",1
"268",4,23,"A1","B1",1
"269",5,23,"A1","B1",1
"270",6,23,"A1","B1",0
"271",7,23,"A1","B1",1
"272",8,23,"A1","B1",0
"273",9,23,"A1","B1",1
"274",10,23,"A1","B1",1
"275",11,23,"A1","B1",1
"276",12,23,"A1","B1",1
"277",1,24,"A1","B1",1
"278",2,24,"A1","B1",1
"279",3,24,"A1","B1",1
"280",4,24,"A1","B1",1
"281",5,24,"A1","B1",1
"282",6,24,"A1","B1",1
"283",7,24,"A1","B1",1
"284",8,24,"A1","B1",1
"285",9,24,"A1","B1",1
"286",10,24,"A1","B1",1
"287",11,24,"A1","B1",1
"288",12,24,"A1","B1",0
"289",1,25,"A1","B1",0
"290",2,25,"A1","B1",1
"291",3,25,"A1","B1",1
"292",4,25,"A1","B1",0
"293",5,25,"A1","B1",1
"294",6,25,"A1","B1",1
"295",7,25,"A1","B1",1
"296",8,25,"A1","B1",0
"297",9,25,"A1","B1",0
"298",10,25,"A1","B1",0
"299",11,25,"A1","B1",0
"300",12,25,"A1","B1",1
"301",1,26,"A1","B1",1
"302",2,26,"A1","B1",0
"303",3,26,"A1","B1",1
"304",4,26,"A1","B1",1
"305",5,26,"A1","B1",1
"306",6,26,"A1","B1",1
"307",7,26,"A1","B1",0
"308",8,26,"A1","B1",1
"309",9,26,"A1","B1",1
"310",10,26,"A1","B1",1
"311",11,26,"A1","B1",1
"312",12,26,"A1","B1",1
"313",1,27,"A1","B1",1
"314",2,27,"A1","B1",1
"315",3,27,"A1","B1",0
"316",4,27,"A1","B1",1
"317",5,27,"A1","B1",0
"318",6,27,"A1","B1",0
"319",7,27,"A1","B1",1
"320",8,27,"A1","B1",0
"321",9,27,"A1","B1",0
"322",10,27,"A1","B1",1
"323",11,27,"A1","B1",1
"324",12,27,"A1","B1",0
"325",1,28,"A1","B1",0
"326",2,28,"A1","B1",1
"327",3,28,"A1","B1",1
"328",4,28,"A1","B1",0
"329",5,28,"A1","B1",0
"330",6,28,"A1","B1",1
"331",7,28,"A1","B1",0
"332",8,28,"A1","B1",1
"333",9,28,"A1","B1",0
"334",10,28,"A1","B1",1
"335",11,28,"A1","B1",1
"336",12,28,"A1","B1",1
"337",1,29,"A1","B1",1
"338",2,29,"A1","B1",1
"339",3,29,"A1","B1",1
"340",4,29,"A1","B1",1
"341",5,29,"A1","B1",1
"342",6,29,"A1","B1",1
"343",7,29,"A1","B1",0
"344",8,29,"A1","B1",1
"345",9,29,"A1","B1",0
"346",10,29,"A1","B1",1
"347",11,29,"A1","B1",1
"348",12,29,"A1","B1",1
"349",1,30,"A1","B1",1
"350",2,30,"A1","B1",1
"351",3,30,"A1","B1",1
"352",4,30,"A1","B1",1
"353",5,30,"A1","B1",0
"354",6,30,"A1","B1",1
"355",7,30,"A1","B1",1
"356",8,30,"A1","B1",1
"357",9,30,"A1","B1",1
"358",10,30,"A1","B1",1
"359",11,30,"A1","B1",1
"360",12,30,"A1","B1",1
"361",1,1,"A2","B1",1
"362",2,1,"A2","B1",1
"363",3,1,"A2","B1",0
"364",4,1,"A2","B1",1
"365",5,1,"A2","B1",1
"366",6,1,"A2","B1",1
"367",7,1,"A2","B1",1
"368",8,1,"A2","B1",1
"369",9,1,"A2","B1",1
"370",10,1,"A2","B1",1
"371",11,1,"A2","B1",1
"372",12,1,"A2","B1",1
"373",1,2,"A2","B1",1
"374",2,2,"A2","B1",1
"375",3,2,"A2","B1",1
"376",4,2,"A2","B1",1
"377",5,2,"A2","B1",1
"378",6,2,"A2","B1",1
"379",7,2,"A2","B1",1
"380",8,2,"A2","B1",1
"381",9,2,"A2","B1",1
"382",10,2,"A2","B1",0
"383",11,2,"A2","B1",1
"384",12,2,"A2","B1",1
"385",1,3,"A2","B1",1
"386",2,3,"A2","B1",1
"387",3,3,"A2","B1",0
"388",4,3,"A2","B1",1
"389",5,3,"A2","B1",1
"390",6,3,"A2","B1",1
"391",7,3,"A2","B1",1
"392",8,3,"A2","B1",1
"393",9,3,"A2","B1",1
"394",10,3,"A2","B1",1
"395",11,3,"A2","B1",0
"396",12,3,"A2","B1",0
"397",1,4,"A2","B1",0
"398",2,4,"A2","B1",1
"399",3,4,"A2","B1",1
"400",4,4,"A2","B1",1
"401",5,4,"A2","B1",0
"402",6,4,"A2","B1",0
"403",7,4,"A2","B1",0
"404",8,4,"A2","B1",1
"405",9,4,"A2","B1",0
"406",10,4,"A2","B1",1
"407",11,4,"A2","B1",0
"408",12,4,"A2","B1",1
"409",1,5,"A2","B1",0
"410",2,5,"A2","B1",1
"411",3,5,"A2","B1",1
"412",4,5,"A2","B1",0
"413",5,5,"A2","B1",1
"414",6,5,"A2","B1",0
"415",7,5,"A2","B1",0
"416",8,5,"A2","B1",1
"417",9,5,"A2","B1",0
"418",10,5,"A2","B1",1
"419",11,5,"A2","B1",0
"420",12,5,"A2","B1",0
"421",1,6,"A2","B1",1
"422",2,6,"A2","B1",1
"423",3,6,"A2","B1",0
"424",4,6,"A2","B1",0
"425",5,6,"A2","B1",1
"426",6,6,"A2","B1",1
"427",7,6,"A2","B1",0
"428",8,6,"A2","B1",0
"429",9,6,"A2","B1",1
"430",10,6,"A2","B1",1
"431",11,6,"A2","B1",1
"432",12,6,"A2","B1",0
"433",1,7,"A2","B1",0
"434",2,7,"A2","B1",1
"435",3,7,"A2","B1",0
"436",4,7,"A2","B1",1
"437",5,7,"A2","B1",1
"438",6,7,"A2","B1",1
"439",7,7,"A2","B1",0
"440",8,7,"A2","B1",1
"441",9,7,"A2","B1",1
"442",10,7,"A2","B1",1
"443",11,7,"A2","B1",1
"444",12,7,"A2","B1",1
"445",1,8,"A2","B1",0
"446",2,8,"A2","B1",0
"447",3,8,"A2","B1",1
"448",4,8,"A2","B1",1
"449",5,8,"A2","B1",1
"450",6,8,"A2","B1",1
"451",7,8,"A2","B1",0
"452",8,8,"A2","B1",1
"453",9,8,"A2","B1",0
"454",10,8,"A2","B1",0
"455",11,8,"A2","B1",0
"456",12,8,"A2","B1",0
"457",1,9,"A2","B1",0
"458",2,9,"A2","B1",0
"459",3,9,"A2","B1",1
"460",4,9,"A2","B1",1
"461",5,9,"A2","B1",1
"462",6,9,"A2","B1",1
"463",7,9,"A2","B1",0
"464",8,9,"A2","B1",0
"465",9,9,"A2","B1",0
"466",10,9,"A2","B1",1
"467",11,9,"A2","B1",0
"468",12,9,"A2","B1",0
"469",1,10,"A2","B1",1
"470",2,10,"A2","B1",1
"471",3,10,"A2","B1",0
"472",4,10,"A2","B1",1
"473",5,10,"A2","B1",1
"474",6,10,"A2","B1",1
"475",7,10,"A2","B1",1
"476",8,10,"A2","B1",1
"477",9,10,"A2","B1",1
"478",10,10,"A2","B1",1
"479",11,10,"A2","B1",0
"480",12,10,"A2","B1",1
"481",1,11,"A2","B1",0
"482",2,11,"A2","B1",0
"483",3,11,"A2","B1",0
"484",4,11,"A2","B1",0
"485",5,11,"A2","B1",0
"486",6,11,"A2","B1",0
"487",7,11,"A2","B1",0
"488",8,11,"A2","B1",1
"489",9,11,"A2","B1",0
"490",10,11,"A2","B1",1
"491",11,11,"A2","B1",0
"492",12,11,"A2","B1",0
"493",1,12,"A2","B1",1
"494",2,12,"A2","B1",1
"495",3,12,"A2","B1",1
"496",4,12,"A2","B1",1
"497",5,12,"A2","B1",1
"498",6,12,"A2","B1",1
"499",7,12,"A2","B1",1
"500",8,12,"A2","B1",1
"501",9,12,"A2","B1",1
"502",10,12,"A2","B1",1
"503",11,12,"A2","B1",0
"504",12,12,"A2","B1",1
"505",1,13,"A2","B1",0
"506",2,13,"A2","B1",1
"507",3,13,"A2","B1",0
"508",4,13,"A2","B1",0
"509",5,13,"A2","B1",1
"510",6,13,"A2","B1",1
"511",7,13,"A2","B1",0
"512",8,13,"A2","B1",1
"513",9,13,"A2","B1",0
"514",10,13,"A2","B1",1
"515",11,13,"A2","B1",1
"516",12,13,"A2","B1",1
"517",1,14,"A2","B1",0
"518",2,14,"A2","B1",1
"519",3,14,"A2","B1",1
"520",4,14,"A2","B1",1
"521",5,14,"A2","B1",0
"522",6,14,"A2","B1",1
"523",7,14,"A2","B1",0
"524",8,14,"A2","B1",1
"525",9,14,"A2","B1",1
"526",10,14,"A2","B1",1
"527",11,14,"A2","B1",0
"528",12,14,"A2","B1",1
"529",1,15,"A2","B1",0
"530",2,15,"A2","B1",0
"531",3,15,"A2","B1",1
"532",4,15,"A2","B1",1
"533",5,15,"A2","B1",1
"534",6,15,"A2","B1",1
"535",7,15,"A2","B1",1
"536",8,15,"A2","B1",0
"537",9,15,"A2","B1",1
"538",10,15,"A2","B1",0
"539",11,15,"A2","B1",0
"540",12,15,"A2","B1",1
"541",1,16,"A2","B1",1
"542",2,16,"A2","B1",0
"543",3,16,"A2","B1",1
"544",4,16,"A2","B1",1
"545",5,16,"A2","B1",1
"546",6,16,"A2","B1",1
"547",7,16,"A2","B1",1
"548",8,16,"A2","B1",1
"549",9,16,"A2","B1",1
"550",10,16,"A2","B1",1
"551",11,16,"A2","B1",1
"552",12,16,"A2","B1",1
"553",1,17,"A2","B1",0
"554",2,17,"A2","B1",0
"555",3,17,"A2","B1",0
"556",4,17,"A2","B1",0
"557",5,17,"A2","B1",0
"558",6,17,"A2","B1",1
"559",7,17,"A2","B1",0
"560",8,17,"A2","B1",0
"561",9,17,"A2","B1",1
"562",10,17,"A2","B1",0
"563",11,17,"A2","B1",0
"564",12,17,"A2","B1",0
"565",1,18,"A2","B1",0
"566",2,18,"A2","B1",0
"567",3,18,"A2","B1",0
"568",4,18,"A2","B1",0
"569",5,18,"A2","B1",1
"570",6,18,"A2","B1",0
"571",7,18,"A2","B1",1
"572",8,18,"A2","B1",0
"573",9,18,"A2","B1",0
"574",10,18,"A2","B1",0
"575",11,18,"A2","B1",0
"576",12,18,"A2","B1",0
"577",1,19,"A2","B1",0
"578",2,19,"A2","B1",1
"579",3,19,"A2","B1",1
"580",4,19,"A2","B1",1
"581",5,19,"A2","B1",1
"582",6,19,"A2","B1",0
"583",7,19,"A2","B1",1
"584",8,19,"A2","B1",1
"585",9,19,"A2","B1",0
"586",10,19,"A2","B1",1
"587",11,19,"A2","B1",1
"588",12,19,"A2","B1",0
"589",1,20,"A2","B1",1
"590",2,20,"A2","B1",1
"591",3,20,"A2","B1",1
"592",4,20,"A2","B1",1
"593",5,20,"A2","B1",0
"594",6,20,"A2","B1",1
"595",7,20,"A2","B1",1
"596",8,20,"A2","B1",0
"597",9,20,"A2","B1",1
"598",10,20,"A2","B1",1
"599",11,20,"A2","B1",1
"600",12,20,"A2","B1",1
"601",1,21,"A2","B1",1
"602",2,21,"A2","B1",0
"603",3,21,"A2","B1",1
"604",4,21,"A2","B1",1
"605",5,21,"A2","B1",1
"606",6,21,"A2","B1",1
"607",7,21,"A2","B1",0
"608",8,21,"A2","B1",0
"609",9,21,"A2","B1",1
"610",10,21,"A2","B1",1
"611",11,21,"A2","B1",0
"612",12,21,"A2","B1",1
"613",1,22,"A2","B1",1
"614",2,22,"A2","B1",1
"615",3,22,"A2","B1",1
"616",4,22,"A2","B1",1
"617",5,22,"A2","B1",1
"618",6,22,"A2","B1",1
"619",7,22,"A2","B1",1
"620",8,22,"A2","B1",1
"621",9,22,"A2","B1",1
"622",10,22,"A2","B1",1
"623",11,22,"A2","B1",1
"624",12,22,"A2","B1",0
"625",1,23,"A2","B1",0
"626",2,23,"A2","B1",1
"627",3,23,"A2","B1",0
"628",4,23,"A2","B1",0
"629",5,23,"A2","B1",1
"630",6,23,"A2","B1",0
"631",7,23,"A2","B1",0
"632",8,23,"A2","B1",1
"633",9,23,"A2","B1",0
"634",10,23,"A2","B1",0
"635",11,23,"A2","B1",1
"636",12,23,"A2","B1",1
"637",1,24,"A2","B1",1
"638",2,24,"A2","B1",1
"639",3,24,"A2","B1",0
"640",4,24,"A2","B1",1
"641",5,24,"A2","B1",0
"642",6,24,"A2","B1",1
"643",7,24,"A2","B1",1
"644",8,24,"A2","B1",1
"645",9,24,"A2","B1",1
"646",10,24,"A2","B1",0
"647",11,24,"A2","B1",1
"648",12,24,"A2","B1",1
"649",1,25,"A2","B1",0
"650",2,25,"A2","B1",0
"651",3,25,"A2","B1",0
"652",4,25,"A2","B1",0
"653",5,25,"A2","B1",0
"654",6,25,"A2","B1",0
"655",7,25,"A2","B1",0
"656",8,25,"A2","B1",0
"657",9,25,"A2","B1",0
"658",10,25,"A2","B1",0
"659",11,25,"A2","B1",0
"660",12,25,"A2","B1",0
"661",1,26,"A2","B1",1
"662",2,26,"A2","B1",1
"663",3,26,"A2","B1",1
"664",4,26,"A2","B1",0
"665",5,26,"A2","B1",1
"666",6,26,"A2","B1",1
"667",7,26,"A2","B1",1
"668",8,26,"A2","B1",1
"669",9,26,"A2","B1",1
"670",10,26,"A2","B1",0
"671",11,26,"A2","B1",1
"672",12,26,"A2","B1",1
"673",1,27,"A2","B1",0
"674",2,27,"A2","B1",0
"675",3,27,"A2","B1",0
"676",4,27,"A2","B1",1
"677",5,27,"A2","B1",0
"678",6,27,"A2","B1",0
"679",7,27,"A2","B1",0
"680",8,27,"A2","B1",0
"681",9,27,"A2","B1",0
"682",10,27,"A2","B1",1
"683",11,27,"A2","B1",0
"684",12,27,"A2","B1",0
"685",1,28,"A2","B1",0
"686",2,28,"A2","B1",1
"687",3,28,"A2","B1",1
"688",4,28,"A2","B1",0
"689",5,28,"A2","B1",0
"690",6,28,"A2","B1",1
"691",7,28,"A2","B1",0
"692",8,28,"A2","B1",0
"693",9,28,"A2","B1",0
"694",10,28,"A2","B1",1
"695",11,28,"A2","B1",0
"696",12,28,"A2","B1",0
"697",1,29,"A2","B1",1
"698",2,29,"A2","B1",0
"699",3,29,"A2","B1",1
"700",4,29,"A2","B1",1
"701",5,29,"A2","B1",1
"702",6,29,"A2","B1",1
"703",7,29,"A2","B1",0
"704",8,29,"A2","B1",0
"705",9,29,"A2","B1",0
"706",10,29,"A2","B1",1
"707",11,29,"A2","B1",1
"708",12,29,"A2","B1",1
"709",1,30,"A2","B1",1
"710",2,30,"A2","B1",1
"711",3,30,"A2","B1",1
"712",4,30,"A2","B1",1
"713",5,30,"A2","B1",1
"714",6,30,"A2","B1",1
"715",7,30,"A2","B1",1
"716",8,30,"A2","B1",1
"717",9,30,"A2","B1",0
"718",10,30,"A2","B1",1
"719",11,30,"A2","B1",1
"720",12,30,"A2","B1",0
"721",1,1,"A1","B2",1
"722",2,1,"A1","B2",1
"723",3,1,"A1","B2",1
"724",4,1,"A1","B2",1
"725",5,1,"A1","B2",1
"726",6,1,"A1","B2",1
"727",7,1,"A1","B2",1
"728",8,1,"A1","B2",1
"729",9,1,"A1","B2",1
"730",10,1,"A1","B2",1
"731",11,1,"A1","B2",1
"732",12,1,"A1","B2",1
"733",1,2,"A1","B2",1
"734",2,2,"A1","B2",1
"735",3,2,"A1","B2",1
"736",4,2,"A1","B2",1
"737",5,2,"A1","B2",1
"738",6,2,"A1","B2",1
"739",7,2,"A1","B2",1
"740",8,2,"A1","B2",1
"741",9,2,"A1","B2",1
"742",10,2,"A1","B2",1
"743",11,2,"A1","B2",1
"744",12,2,"A1","B2",1
"745",1,3,"A1","B2",1
"746",2,3,"A1","B2",1
"747",3,3,"A1","B2",1
"748",4,3,"A1","B2",1
"749",5,3,"A1","B2",1
"750",6,3,"A1","B2",1
"751",7,3,"A1","B2",1
"752",8,3,"A1","B2",1
"753",9,3,"A1","B2",1
"754",10,3,"A1","B2",1
"755",11,3,"A1","B2",0
"756",12,3,"A1","B2",1
"757",1,4,"A1","B2",1
"758",2,4,"A1","B2",1
"759",3,4,"A1","B2",1
"760",4,4,"A1","B2",1
"761",5,4,"A1","B2",1
"762",6,4,"A1","B2",1
"763",7,4,"A1","B2",0
"764",8,4,"A1","B2",1
"765",9,4,"A1","B2",1
"766",10,4,"A1","B2",1
"767",11,4,"A1","B2",0
"768",12,4,"A1","B2",1
"769",1,5,"A1","B2",0
"770",2,5,"A1","B2",1
"771",3,5,"A1","B2",1
"772",4,5,"A1","B2",1
"773",5,5,"A1","B2",0
"774",6,5,"A1","B2",1
"775",7,5,"A1","B2",1
"776",8,5,"A1","B2",1
"777",9,5,"A1","B2",1
"778",10,5,"A1","B2",1
"779",11,5,"A1","B2",1
"780",12,5,"A1","B2",1
"781",1,6,"A1","B2",1
"782",2,6,"A1","B2",1
"783",3,6,"A1","B2",1
"784",4,6,"A1","B2",1
"785",5,6,"A1","B2",1
"786",6,6,"A1","B2",1
"787",7,6,"A1","B2",1
"788",8,6,"A1","B2",1
"789",9,6,"A1","B2",1
"790",10,6,"A1","B2",1
"791",11,6,"A1","B2",1
"792",12,6,"A1","B2",0
"793",1,7,"A1","B2",1
"794",2,7,"A1","B2",1
"795",3,7,"A1","B2",1
"796",4,7,"A1","B2",1
"797",5,7,"A1","B2",1
"798",6,7,"A1","B2",1
"799",7,7,"A1","B2",1
"800",8,7,"A1","B2",1
"801",9,7,"A1","B2",1
"802",10,7,"A1","B2",1
"803",11,7,"A1","B2",1
"804",12,7,"A1","B2",1
"805",1,8,"A1","B2",0
"806",2,8,"A1","B2",1
"807",3,8,"A1","B2",1
"808",4,8,"A1","B2",0
"809",5,8,"A1","B2",0
"810",6,8,"A1","B2",1
"811",7,8,"A1","B2",1
"812",8,8,"A1","B2",1
"813",9,8,"A1","B2",1
"814",10,8,"A1","B2",1
"815",11,8,"A1","B2",1
"816",12,8,"A1","B2",1
"817",1,9,"A1","B2",1
"818",2,9,"A1","B2",1
"819",3,9,"A1","B2",1
"820",4,9,"A1","B2",1
"821",5,9,"A1","B2",0
"822",6,9,"A1","B2",0
"823",7,9,"A1","B2",1
"824",8,9,"A1","B2",1
"825",9,9,"A1","B2",1
"826",10,9,"A1","B2",1
"827",11,9,"A1","B2",1
"828",12,9,"A1","B2",0
"829",1,10,"A1","B2",1
"830",2,10,"A1","B2",1
"831",3,10,"A1","B2",1
"832",4,10,"A1","B2",1
"833",5,10,"A1","B2",1
"834",6,10,"A1","B2",1
"835",7,10,"A1","B2",0
"836",8,10,"A1","B2",1
"837",9,10,"A1","B2",1
"838",10,10,"A1","B2",1
"839",11,10,"A1","B2",1
"840",12,10,"A1","B2",1
"841",1,11,"A1","B2",1
"842",2,11,"A1","B2",1
"843",3,11,"A1","B2",1
"844",4,11,"A1","B2",1
"845",5,11,"A1","B2",1
"846",6,11,"A1","B2",1
"847",7,11,"A1","B2",1
"848",8,11,"A1","B2",0
"849",9,11,"A1","B2",1
"850",10,11,"A1","B2",1
"851",11,11,"A1","B2",1
"852",12,11,"A1","B2",1
"853",1,12,"A1","B2",1
"854",2,12,"A1","B2",1
"855",3,12,"A1","B2",1
"856",4,12,"A1","B2",1
"857",5,12,"A1","B2",1
"858",6,12,"A1","B2",1
"859",7,12,"A1","B2",1
"860",8,12,"A1","B2",1
"861",9,12,"A1","B2",1
"862",10,12,"A1","B2",1
"863",11,12,"A1","B2",1
"864",12,12,"A1","B2",1
"865",1,13,"A1","B2",1
"866",2,13,"A1","B2",1
"867",3,13,"A1","B2",1
"868",4,13,"A1","B2",1
"869",5,13,"A1","B2",1
"870",6,13,"A1","B2",1
"871",7,13,"A1","B2",1
"872",8,13,"A1","B2",1
"873",9,13,"A1","B2",1
"874",10,13,"A1","B2",1
"875",11,13,"A1","B2",1
"876",12,13,"A1","B2",1
"877",1,14,"A1","B2",1
"878",2,14,"A1","B2",0
"879",3,14,"A1","B2",1
"880",4,14,"A1","B2",1
"881",5,14,"A1","B2",1
"882",6,14,"A1","B2",1
"883",7,14,"A1","B2",1
"884",8,14,"A1","B2",1
"885",9,14,"A1","B2",1
"886",10,14,"A1","B2",0
"887",11,14,"A1","B2",1
"888",12,14,"A1","B2",0
"889",1,15,"A1","B2",1
"890",2,15,"A1","B2",1
"891",3,15,"A1","B2",1
"892",4,15,"A1","B2",1
"893",5,15,"A1","B2",0
"894",6,15,"A1","B2",1
"895",7,15,"A1","B2",1
"896",8,15,"A1","B2",1
"897",9,15,"A1","B2",1
"898",10,15,"A1","B2",1
"899",11,15,"A1","B2",1
"900",12,15,"A1","B2",0
"901",1,16,"A1","B2",1
"902",2,16,"A1","B2",1
"903",3,16,"A1","B2",0
"904",4,16,"A1","B2",1
"905",5,16,"A1","B2",1
"906",6,16,"A1","B2",1
"907",7,16,"A1","B2",1
"908",8,16,"A1","B2",1
"909",9,16,"A1","B2",1
"910",10,16,"A1","B2",1
"911",11,16,"A1","B2",1
"912",12,16,"A1","B2",0
"913",1,17,"A1","B2",1
"914",2,17,"A1","B2",1
"915",3,17,"A1","B2",0
"916",4,17,"A1","B2",0
"917",5,17,"A1","B2",0
"918",6,17,"A1","B2",1
"919",7,17,"A1","B2",0
"920",8,17,"A1","B2",0
"921",9,17,"A1","B2",1
"922",10,17,"A1","B2",0
"923",11,17,"A1","B2",0
"924",12,17,"A1","B2",0
"925",1,18,"A1","B2",1
"926",2,18,"A1","B2",1
"927",3,18,"A1","B2",1
"928",4,18,"A1","B2",0
"929",5,18,"A1","B2",1
"930",6,18,"A1","B2",1
"931",7,18,"A1","B2",1
"932",8,18,"A1","B2",1
"933",9,18,"A1","B2",1
"934",10,18,"A1","B2",1
"935",11,18,"A1","B2",0
"936",12,18,"A1","B2",1
"937",1,19,"A1","B2",1
"938",2,19,"A1","B2",1
"939",3,19,"A1","B2",1
"940",4,19,"A1","B2",1
"941",5,19,"A1","B2",1
"942",6,19,"A1","B2",1
"943",7,19,"A1","B2",1
"944",8,19,"A1","B2",1
"945",9,19,"A1","B2",1
"946",10,19,"A1","B2",1
"947",11,19,"A1","B2",1
"948",12,19,"A1","B2",1
"949",1,20,"A1","B2",1
"950",2,20,"A1","B2",1
"951",3,20,"A1","B2",1
"952",4,20,"A1","B2",1
"953",5,20,"A1","B2",1
"954",6,20,"A1","B2",1
"955",7,20,"A1","B2",1
"956",8,20,"A1","B2",1
"957",9,20,"A1","B2",1
"958",10,20,"A1","B2",1
"959",11,20,"A1","B2",1
"960",12,20,"A1","B2",1
"961",1,21,"A1","B2",1
"962",2,21,"A1","B2",1
"963",3,21,"A1","B2",1
"964",4,21,"A1","B2",1
"965",5,21,"A1","B2",1
"966",6,21,"A1","B2",1
"967",7,21,"A1","B2",0
"968",8,21,"A1","B2",1
"969",9,21,"A1","B2",0
"970",10,21,"A1","B2",0
"971",11,21,"A1","B2",1
"972",12,21,"A1","B2",1
"973",1,22,"A1","B2",1
"974",2,22,"A1","B2",1
"975",3,22,"A1","B2",1
"976",4,22,"A1","B2",1
"977",5,22,"A1","B2",1
"978",6,22,"A1","B2",1
"979",7,22,"A1","B2",1
"980",8,22,"A1","B2",1
"981",9,22,"A1","B2",1
"982",10,22,"A1","B2",1
"983",11,22,"A1","B2",1
"984",12,22,"A1","B2",1
"985",1,23,"A1","B2",1
"986",2,23,"A1","B2",1
"987",3,23,"A1","B2",1
"988",4,23,"A1","B2",1
"989",5,23,"A1","B2",0
"990",6,23,"A1","B2",1
"991",7,23,"A1","B2",1
"992",8,23,"A1","B2",1
"993",9,23,"A1","B2",0
"994",10,23,"A1","B2",1
"995",11,23,"A1","B2",1
"996",12,23,"A1","B2",1
"997",1,24,"A1","B2",1
"998",2,24,"A1","B2",1
"999",3,24,"A1","B2",1
"1000",4,24,"A1","B2",1
"1001",5,24,"A1","B2",1
"1002",6,24,"A1","B2",1
"1003",7,24,"A1","B2",1
"1004",8,24,"A1","B2",1
"1005",9,24,"A1","B2",1
"1006",10,24,"A1","B2",1
"1007",11,24,"A1","B2",1
"1008",12,24,"A1","B2",1
"1009",1,25,"A1","B2",0
"1010",2,25,"A1","B2",1
"1011",3,25,"A1","B2",1
"1012",4,25,"A1","B2",1
"1013",5,25,"A1","B2",0
"1014",6,25,"A1","B2",0
"1015",7,25,"A1","B2",1
"1016",8,25,"A1","B2",1
"1017",9,25,"A1","B2",1
"1018",10,25,"A1","B2",0
"1019",11,25,"A1","B2",1
"1020",12,25,"A1","B2",0
"1021",1,26,"A1","B2",1
"1022",2,26,"A1","B2",1
"1023",3,26,"A1","B2",1
"1024",4,26,"A1","B2",1
"1025",5,26,"A1","B2",1
"1026",6,26,"A1","B2",1
"1027",7,26,"A1","B2",1
"1028",8,26,"A1","B2",1
"1029",9,26,"A1","B2",0
"1030",10,26,"A1","B2",1
"1031",11,26,"A1","B2",1
"1032",12,26,"A1","B2",1
"1033",1,27,"A1","B2",0
"1034",2,27,"A1","B2",0
"1035",3,27,"A1","B2",0
"1036",4,27,"A1","B2",1
"1037",5,27,"A1","B2",1
"1038",6,27,"A1","B2",1
"1039",7,27,"A1","B2",1
"1040",8,27,"A1","B2",1
"1041",9,27,"A1","B2",1
"1042",10,27,"A1","B2",1
"1043",11,27,"A1","B2",1
"1044",12,27,"A1","B2",1
"1045",1,28,"A1","B2",0
"1046",2,28,"A1","B2",1
"1047",3,28,"A1","B2",1
"1048",4,28,"A1","B2",0
"1049",5,28,"A1","B2",0
"1050",6,28,"A1","B2",1
"1051",7,28,"A1","B2",1
"1052",8,28,"A1","B2",1
"1053",9,28,"A1","B2",1
"1054",10,28,"A1","B2",1
"1055",11,28,"A1","B2",0
"1056",12,28,"A1","B2",0
"1057",1,29,"A1","B2",0
"1058",2,29,"A1","B2",1
"1059",3,29,"A1","B2",1
"1060",4,29,"A1","B2",1
"1061",5,29,"A1","B2",1
"1062",6,29,"A1","B2",1
"1063",7,29,"A1","B2",1
"1064",8,29,"A1","B2",1
"1065",9,29,"A1","B2",1
"1066",10,29,"A1","B2",0
"1067",11,29,"A1","B2",1
"1068",12,29,"A1","B2",1
"1069",1,30,"A1","B2",1
"1070",2,30,"A1","B2",1
"1071",3,30,"A1","B2",1
"1072",4,30,"A1","B2",1
"1073",5,30,"A1","B2",1
"1074",6,30,"A1","B2",1
"1075",7,30,"A1","B2",1
"1076",8,30,"A1","B2",1
"1077",9,30,"A1","B2",1
"1078",10,30,"A1","B2",1
"1079",11,30,"A1","B2",1
"1080",12,30,"A1","B2",1
"1081",1,1,"A2","B2",1
"1082",2,1,"A2","B2",1
"1083",3,1,"A2","B2",1
"1084",4,1,"A2","B2",1
"1085",5,1,"A2","B2",1
"1086",6,1,"A2","B2",1
"1087",7,1,"A2","B2",1
"1088",8,1,"A2","B2",1
"1089",9,1,"A2","B2",1
"1090",10,1,"A2","B2",1
"1091",11,1,"A2","B2",1
"1092",12,1,"A2","B2",1
"1093",1,2,"A2","B2",1
"1094",2,2,"A2","B2",1
"1095",3,2,"A2","B2",1
"1096",4,2,"A2","B2",1
"1097",5,2,"A2","B2",1
"1098",6,2,"A2","B2",1
"1099",7,2,"A2","B2",0
"1100",8,2,"A2","B2",1
"1101",9,2,"A2","B2",1
"1102",10,2,"A2","B2",1
"1103",11,2,"A2","B2",1
"1104",12,2,"A2","B2",1
"1105",1,3,"A2","B2",1
"1106",2,3,"A2","B2",1
"1107",3,3,"A2","B2",1
"1108",4,3,"A2","B2",0
"1109",5,3,"A2","B2",0
"1110",6,3,"A2","B2",1
"1111",7,3,"A2","B2",1
"1112",8,3,"A2","B2",1
"1113",9,3,"A2","B2",1
"1114",10,3,"A2","B2",1
"1115",11,3,"A2","B2",1
"1116",12,3,"A2","B2",1
"1117",1,4,"A2","B2",1
"1118",2,4,"A2","B2",1
"1119",3,4,"A2","B2",1
"1120",4,4,"A2","B2",1
"1121",5,4,"A2","B2",0
"1122",6,4,"A2","B2",1
"1123",7,4,"A2","B2",1
"1124",8,4,"A2","B2",1
"1125",9,4,"A2","B2",0
"1126",10,4,"A2","B2",1
"1127",11,4,"A2","B2",0
"1128",12,4,"A2","B2",1
"1129",1,5,"A2","B2",1
"1130",2,5,"A2","B2",0
"1131",3,5,"A2","B2",1
"1132",4,5,"A2","B2",0
"1133",5,5,"A2","B2",1
"1134",6,5,"A2","B2",1
"1135",7,5,"A2","B2",1
"1136",8,5,"A2","B2",0
"1137",9,5,"A2","B2",1
"1138",10,5,"A2","B2",1
"1139",11,5,"A2","B2",1
"1140",12,5,"A2","B2",1
"1141",1,6,"A2","B2",1
"1142",2,6,"A2","B2",1
"1143",3,6,"A2","B2",1
"1144",4,6,"A2","B2",1
"1145",5,6,"A2","B2",1
"1146",6,6,"A2","B2",1
"1147",7,6,"A2","B2",1
"1148",8,6,"A2","B2",1
"1149",9,6,"A2","B2",1
"1150",10,6,"A2","B2",1
"1151",11,6,"A2","B2",1
"1152",12,6,"A2","B2",1
"1153",1,7,"A2","B2",1
"1154",2,7,"A2","B2",1
"1155",3,7,"A2","B2",1
"1156",4,7,"A2","B2",1
"1157",5,7,"A2","B2",1
"1158",6,7,"A2","B2",1
"1159",7,7,"A2","B2",1
"1160",8,7,"A2","B2",0
"1161",9,7,"A2","B2",1
"1162",10,7,"A2","B2",1
"1163",11,7,"A2","B2",1
"1164",12,7,"A2","B2",1
"1165",1,8,"A2","B2",1
"1166",2,8,"A2","B2",0
"1167",3,8,"A2","B2",1
"1168",4,8,"A2","B2",1
"1169",5,8,"A2","B2",1
"1170",6,8,"A2","B2",1
"1171",7,8,"A2","B2",0
"1172",8,8,"A2","B2",1
"1173",9,8,"A2","B2",0
"1174",10,8,"A2","B2",1
"1175",11,8,"A2","B2",1
"1176",12,8,"A2","B2",1
"1177",1,9,"A2","B2",1
"1178",2,9,"A2","B2",1
"1179",3,9,"A2","B2",1
"1180",4,9,"A2","B2",0
"1181",5,9,"A2","B2",1
"1182",6,9,"A2","B2",1
"1183",7,9,"A2","B2",1
"1184",8,9,"A2","B2",0
"1185",9,9,"A2","B2",0
"1186",10,9,"A2","B2",1
"1187",11,9,"A2","B2",1
"1188",12,9,"A2","B2",0
"1189",1,10,"A2","B2",1
"1190",2,10,"A2","B2",0
"1191",3,10,"A2","B2",1
"1192",4,10,"A2","B2",1
"1193",5,10,"A2","B2",1
"1194",6,10,"A2","B2",1
"1195",7,10,"A2","B2",1
"1196",8,10,"A2","B2",1
"1197",9,10,"A2","B2",1
"1198",10,10,"A2","B2",1
"1199",11,10,"A2","B2",0
"1200",12,10,"A2","B2",0
"1201",1,11,"A2","B2",0
"1202",2,11,"A2","B2",0
"1203",3,11,"A2","B2",0
"1204",4,11,"A2","B2",0
"1205",5,11,"A2","B2",0
"1206",6,11,"A2","B2",0
"1207",7,11,"A2","B2",0
"1208",8,11,"A2","B2",0
"1209",9,11,"A2","B2",0
"1210",10,11,"A2","B2",1
"1211",11,11,"A2","B2",0
"1212",12,11,"A2","B2",0
"1213",1,12,"A2","B2",1
"1214",2,12,"A2","B2",1
"1215",3,12,"A2","B2",1
"1216",4,12,"A2","B2",1
"1217",5,12,"A2","B2",1
"1218",6,12,"A2","B2",1
"1219",7,12,"A2","B2",1
"1220",8,12,"A2","B2",1
"1221",9,12,"A2","B2",1
"1222",10,12,"A2","B2",1
"1223",11,12,"A2","B2",1
"1224",12,12,"A2","B2",1
"1225",1,13,"A2","B2",1
"1226",2,13,"A2","B2",1
"1227",3,13,"A2","B2",1
"1228",4,13,"A2","B2",1
"1229",5,13,"A2","B2",1
"1230",6,13,"A2","B2",0
"1231",7,13,"A2","B2",1
"1232",8,13,"A2","B2",1
"1233",9,13,"A2","B2",1
"1234",10,13,"A2","B2",1
"1235",11,13,"A2","B2",1
"1236",12,13,"A2","B2",1
"1237",1,14,"A2","B2",1
"1238",2,14,"A2","B2",1
"1239",3,14,"A2","B2",1
"1240",4,14,"A2","B2",1
"1241",5,14,"A2","B2",1
"1242",6,14,"A2","B2",1
"1243",7,14,"A2","B2",0
"1244",8,14,"A2","B2",1
"1245",9,14,"A2","B2",1
"1246",10,14,"A2","B2",1
"1247",11,14,"A2","B2",1
"1248",12,14,"A2","B2",1
"1249",1,15,"A2","B2",1
"1250",2,15,"A2","B2",1
"1251",3,15,"A2","B2",1
"1252",4,15,"A2","B2",1
"1253",5,15,"A2","B2",1
"1254",6,15,"A2","B2",0
"1255",7,15,"A2","B2",1
"1256",8,15,"A2","B2",0
"1257",9,15,"A2","B2",1
"1258",10,15,"A2","B2",1
"1259",11,15,"A2","B2",1
"1260",12,15,"A2","B2",0
"1261",1,16,"A2","B2",1
"1262",2,16,"A2","B2",1
"1263",3,16,"A2","B2",1
"1264",4,16,"A2","B2",1
"1265",5,16,"A2","B2",1
"1266",6,16,"A2","B2",1
"1267",7,16,"A2","B2",1
"1268",8,16,"A2","B2",1
"1269",9,16,"A2","B2",1
"1270",10,16,"A2","B2",1
"1271",11,16,"A2","B2",1
"1272",12,16,"A2","B2",1
"1273",1,17,"A2","B2",1
"1274",2,17,"A2","B2",0
"1275",3,17,"A2","B2",0
"1276",4,17,"A2","B2",0
"1277",5,17,"A2","B2",1
"1278",6,17,"A2","B2",0
"1279",7,17,"A2","B2",1
"1280",8,17,"A2","B2",0
"1281",9,17,"A2","B2",0
"1282",10,17,"A2","B2",0
"1283",11,17,"A2","B2",1
"1284",12,17,"A2","B2",0
"1285",1,18,"A2","B2",0
"1286",2,18,"A2","B2",0
"1287",3,18,"A2","B2",1
"1288",4,18,"A2","B2",1
"1289",5,18,"A2","B2",1
"1290",6,18,"A2","B2",0
"1291",7,18,"A2","B2",0
"1292",8,18,"A2","B2",1
"1293",9,18,"A2","B2",1
"1294",10,18,"A2","B2",0
"1295",11,18,"A2","B2",1
"1296",12,18,"A2","B2",0
"1297",1,19,"A2","B2",1
"1298",2,19,"A2","B2",1
"1299",3,19,"A2","B2",1
"1300",4,19,"A2","B2",0
"1301",5,19,"A2","B2",1
"1302",6,19,"A2","B2",1
"1303",7,19,"A2","B2",1
"1304",8,19,"A2","B2",1
"1305",9,19,"A2","B2",1
"1306",10,19,"A2","B2",1
"1307",11,19,"A2","B2",1
"1308",12,19,"A2","B2",1
"1309",1,20,"A2","B2",1
"1310",2,20,"A2","B2",1
"1311",3,20,"A2","B2",1
"1312",4,20,"A2","B2",1
"1313",5,20,"A2","B2",1
"1314",6,20,"A2","B2",1
"1315",7,20,"A2","B2",1
"1316",8,20,"A2","B2",1
"1317",9,20,"A2","B2",1
"1318",10,20,"A2","B2",1
"1319",11,20,"A2","B2",1
"1320",12,20,"A2","B2",1
"1321",1,21,"A2","B2",1
"1322",2,21,"A2","B2",1
"1323",3,21,"A2","B2",1
"1324",4,21,"A2","B2",1
"1325",5,21,"A2","B2",1
"1326",6,21,"A2","B2",0
"1327",7,21,"A2","B2",1
"1328",8,21,"A2","B2",1
"1329",9,21,"A2","B2",1
"1330",10,21,"A2","B2",1
"1331",11,21,"A2","B2",0
"1332",12,21,"A2","B2",1
"1333",1,22,"A2","B2",1
"1334",2,22,"A2","B2",1
"1335",3,22,"A2","B2",0
"1336",4,22,"A2","B2",1
"1337",5,22,"A2","B2",1
"1338",6,22,"A2","B2",1
"1339",7,22,"A2","B2",1
"1340",8,22,"A2","B2",0
"1341",9,22,"A2","B2",0
"1342",10,22,"A2","B2",1
"1343",11,22,"A2","B2",1
"1344",12,22,"A2","B2",0
"1345",1,23,"A2","B2",0
"1346",2,23,"A2","B2",1
"1347",3,23,"A2","B2",1
"1348",4,23,"A2","B2",0
"1349",5,23,"A2","B2",1
"1350",6,23,"A2","B2",0
"1351",7,23,"A2","B2",1
"1352",8,23,"A2","B2",0
"1353",9,23,"A2","B2",0
"1354",10,23,"A2","B2",1
"1355",11,23,"A2","B2",1
"1356",12,23,"A2","B2",1
"1357",1,24,"A2","B2",0
"1358",2,24,"A2","B2",1
"1359",3,24,"A2","B2",1
"1360",4,24,"A2","B2",1
"1361",5,24,"A2","B2",0
"1362",6,24,"A2","B2",1
"1363",7,24,"A2","B2",1
"1364",8,24,"A2","B2",1
"1365",9,24,"A2","B2",1
"1366",10,24,"A2","B2",1
"1367",11,24,"A2","B2",0
"1368",12,24,"A2","B2",1
"1369",1,25,"A2","B2",0
"1370",2,25,"A2","B2",0
"1371",3,25,"A2","B2",0
"1372",4,25,"A2","B2",0
"1373",5,25,"A2","B2",1
"1374",6,25,"A2","B2",0
"1375",7,25,"A2","B2",1
"1376",8,25,"A2","B2",0
"1377",9,25,"A2","B2",1
"1378",10,25,"A2","B2",0
"1379",11,25,"A2","B2",0
"1380",12,25,"A2","B2",0
"1381",1,26,"A2","B2",1
"1382",2,26,"A2","B2",1
"1383",3,26,"A2","B2",1
"1384",4,26,"A2","B2",1
"1385",5,26,"A2","B2",1
"1386",6,26,"A2","B2",1
"1387",7,26,"A2","B2",0
"1388",8,26,"A2","B2",1
"1389",9,26,"A2","B2",1
"1390",10,26,"A2","B2",1
"1391",11,26,"A2","B2",1
"1392",12,26,"A2","B2",1
"1393",1,27,"A2","B2",0
"1394",2,27,"A2","B2",1
"1395",3,27,"A2","B2",1
"1396",4,27,"A2","B2",0
"1397",5,27,"A2","B2",1
"1398",6,27,"A2","B2",1
"1399",7,27,"A2","B2",0
"1400",8,27,"A2","B2",1
"1401",9,27,"A2","B2",1
"1402",10,27,"A2","B2",1
"1403",11,27,"A2","B2",0
"1404",12,27,"A2","B2",1
"1405",1,28,"A2","B2",0
"1406",2,28,"A2","B2",0
"1407",3,28,"A2","B2",0
"1408",4,28,"A2","B2",0
"1409",5,28,"A2","B2",1
"1410",6,28,"A2","B2",1
"1411",7,28,"A2","B2",0
"1412",8,28,"A2","B2",0
"1413",9,28,"A2","B2",1
"1414",10,28,"A2","B2",1
"1415",11,28,"A2","B2",1
"1416",12,28,"A2","B2",0
"1417",1,29,"A2","B2",1
"1418",2,29,"A2","B2",1
"1419",3,29,"A2","B2",1
"1420",4,29,"A2","B2",1
"1421",5,29,"A2","B2",0
"1422",6,29,"A2","B2",1
"1423",7,29,"A2","B2",1
"1424",8,29,"A2","B2",1
"1425",9,29,"A2","B2",0
"1426",10,29,"A2","B2",1
"1427",11,29,"A2","B2",0
"1428",12,29,"A2","B2",1
"1429",1,30,"A2","B2",1
"1430",2,30,"A2","B2",1
"1431",3,30,"A2","B2",1
"1432",4,30,"A2","B2",1
"1433",5,30,"A2","B2",1
"1434",6,30,"A2","B2",0
"1435",7,30,"A2","B2",1
"1436",8,30,"A2","B2",1
"1437",9,30,"A2","B2",1
"1438",10,30,"A2","B2",1
"1439",11,30,"A2","B2",1
"1440",12,30,"A2","B2",1
